id;message_count;name;description;;
5170;481;Umgebungsgeräusche;;;
4626;265;pericoloso;;;
4723;171;accessibile;;;
4822;143;culture;;;
5541;141;water;;;
5840;129;piazza;;;
5695;128;ponti;;;
7148;115;sorocaba;;;
5242;82;accesibilidade;;;
6785;77;paseo;;;
5760;76;ambiente affollato;;;
4958;74;Precaución;;;
5115;72;Geruch;;;
6882;68;exploración barrio;;;
4968;68;Iglesia;;;
4669;66;ristorante;;;
4845;64;Music;;;
2889;60;Autobus;;;
5056;58;Tactile;;;
5903;57;Calle morta;;;
1710;57;bar;Tag migrated from saopaulo;;
5019;57;. De referencia;;;
5908;55;Venezia di notte;;;
4668;53;scale;;;
4984;51;cafeteria;;;
4703;51;percorso loges;;;
5799;49;pozzi;;;
4120;47;testing;;;
4896;47;garden;;;
4715;46;temporaneo;;;
5161;44;Humboldt Universität;;;
6796;41;poblats marítims;;;
7988;41;Yolei;;;
4790;41;tree;;;
4679;39;machine;;;
6810;38;cabanyal;;;
6765;37;33Bienal;;;
7885;37;Coaabitat sguardiparzialimonditotali dallafinestra startAC atipicheedizioni;;;
4705;37;campane;;;
4825;36;shop;;;
5152;36;history;;;
5120;34;railway stations;;;
1754;34;prova;Tag migrated from saopaulo;;
5922;33;Barcarizzi;;;
5296;32;Turismo;;;
4820;32;drinking fountain;;;
7989;31;Yoley;;;
7990;31;Yolí;;;
4704;31;marciapiede;;;
4863;30;park;;;
5231;30;Semáforos sonoros;;;
5085;29;art;;;
4785;29;test;;;
5619;28;niñas;;;
4828;27;food;;;
4675;26;riunione;;;
5034;26;Vögel;;;
5771;26;canal grande;;;
6764;25;Pisos táteis;;;
4693;24;tram;;;
4624;24;sole;;;
5339;24;Non accesible;;;
5936;23;ghetto;;;
5148;22;water fountain;;;
5788;22;Gradini;;;
6875;22;Pasqual;;;
6802;22;puerto;;;
6051;22;plataforma única;;;
6250;22;fondamente;;;
4671;22;ciottoli;;;
5941;22;Calli;;;
5236;21;Deporte;;;
4722;21;fioriere;;;
4810;21;library;;;
5178;21;Benches;;;
5014;20;espacio abierto;;;
4227;19;testApi;;;
4801;19;transport;;;
4228;19;apiTest;;;
4975;19;carril bici;;;
5759;19;carnevale;;;
5011;19;obstáculo;;;
7322;19;Japan House;;;
6671;18;Palabras y más;;;
6948;18;Teatro;;;
5880;18;Sotoportego;;;
6666;18;Proyecto;;;
7529;18;Laramara;;;
5036;17;Kunstwerke;;;
4700;17;inciviltà;;;
5283;16;Monumento;;;
5919;16;Calle chiusa;;;
5391;16;Vaporetto;;;
7239;16;centro cultural sp;;;
6814;16;Sensacions;;;
5732;16;barche;;;
6050;16;carrers per a tothom;;;
6114;16;Servizi;;;
7631;16;MACS;;;
8001;15;dijous;;;
4795;15;furniture;;;
5057;15;sculptures;;;
6148;15;Relax;;;
5622;15;Gra miejska;;;
6369;15;mare;;;
5041;15;S-Bahn;;;
6210;14;bassorilievi;;;
6126;14;suoni;;;
4699;14;lavori;;;
6247;14;natura;;;
5039;14;Spielplatz;;;
5173;14;Kaffeetische;;;
7342;14;Paulista;;;
4707;14;Science Politiche;;;
4851;13;Vision Australia;;;
4284;13;strada;;;
5122;13;hotels;;;
5421;13;Workshop;;;
7997;13;Uno;;;
7998;13;dos;;;
5428;13;Szkola;;;
7999;13;tres;;;
6809;13;calles;;;
6778;12;Interiores;;;
5698;12;Bacari;;;
5750;11;profumi;;;
5140;11;Memorial;;;
6063;11;luci;;;
5314;11;Museos;;;
6367;11;Scalea;;;
5227;11;arquitectura;;;
5247;11;Aparcamiento minusvalidos;;;
5736;11;silenzio;;;
4812;11;good cafe;;;
4808;10;braille;;;
7866;10;barcelona;;;
4352;10;pioggia;;;
5855;10;vento;;;
5864;10;Rumori;;;
3683;9;Testando;;;
6079;9;Scultura;;;
5753;9;persone;;;
5804;9;mappe tattili;;;
5965;9;mercato;;;
4724;9;colonna;;;
5229;9;Piscinas;;;
5303;9;Parque;;;
5365;9;pueblos;;;
6390;9;binari;;;
6138;9;Targa;;;
5072;8;Fahrrad;;;
6039;8;porta;;;
6513;8;Hola;;;
7242;8;teste;;;
5037;8;u-Bahn;;;
6130;8;descrizione;;;
7996;8;dimecres;;;
7965;8;Camí dels enamorats;;;
5234;8;BlindWiki;;;
5137;7;tourists;;;
5387;7;Scuola;;;
5725;7;Trattoria Pontini;;;
7599;7;Memorial da América latina;;;
6348;7;archi;;;
4717;7;motorini;;;
4805;7;plans;;;
6331;7;ca foscari;;;
4865;7;leggende;;;
5104;7;Ampel;;;
7839;7;Museu do Amanhã;;;
5403;7;camino de santiago;;;
7073;7;Arte callejero;;;
5020;7;arte urbano;;;
6340;7;farmacia;;;
7058;7;hospital;;;
7177;7;sampa;;;
4996;7;obstáculo aéreo;;;
5092;6;Demonstration;;;
5309;6;Pedras;;;
5477;6;Przystanek;;;
7079;6;muralla;;;
5781;6;Aosta;;;
6266;6;sede centrale;;;
5392;6;padiglione catalano;;;
5167;6;Verkehr;;;
5854;6;Voci;;;
5974;6;tranquillità;;;
6248;6;notturno;;;
7506;6;Carlos;;;
5738;6;gabbiani;;;
6299;6;pace;;;
7995;6;Testingr;;;
4869;6;sportello;;;
4962;6;repostería tradicional;;;
5502;6;Staw;;;
6025;6;San Rocco;;;
6552;6;spiaggia;;;
2902;6;pizza;;;
5256;6;Cajero automatico;;;
7110;6;Chalé francês;;;
2916;6;obj.casa;objetos de casa, adornos, cuadros;;
5070;6;Travel;;;
5158;6;Orientierung;;;
5888;6;pianta;;;
7199;6;Casa Modernista;;;
5959;6;Redentore;;;
6410;6;giudecca;;;
5347;5;Casa da Troia;;;
5075;5;Hund;;;
5139;5;fences;;;
5182;5;Football;;;
5727;5;Estacion # yokoham#;;;
7348;5;Hospital Santa Catarina;;;
7717;5;MAM;;;
5456;5;Krasnale;;;
5538;5;center;;;
6085;5;tatto;;;
7118;5;eai;;;
4955;5;Lumpen;;;
5357;5;jugos kerns;;;
5967;5;Mercato del pesce;;;
6086;5;legno;;;
5079;5;Interviews;;;
5621;5;silencio;;;
5299;5;Banco;;;
5361;5;Verán;;;
6069;5;marmo;;;
6532;5;pozzo;;;
7294;5;Exposições;;;
5879;5;gondola;;;
6994;5;Upv;;;
7278;5;dança;;;
5402;5;Santiago de Compostela;;;
5767;5;Venezia;;;
5791;5;calma;;;
6228;5;Pericolo acqua;;;
5107;5;fehlende taktile Pflasterung;;;
5934;5;Scalini;;;
5304;5;Semáforo sin sonido;;;
5742;5;libri;;;
5909;5;toccare;;;
7677;5;Bahia;;;
4775;5;catene;;;
5133;5;Neugier;;;
6027;5;rilievo;;;
6116;5;shopping;;;
7323;5;Avenida Paulista;;;
4819;5;entrance;;;
5281;5;Salud;;;
6341;5;tabacchi;;;
6505;5;Service;;;
5026;5;bambina;;;
6670;5;Amor;;;
7412;5;Fiesp;;;
5802;4;iscrizioni;;;
7180;4;pastel;;;
7681;4;Salvador;;;
5532;4;ratusz;;;
5649;4;null;;;
6471;4;ponti morti;;;
7114;4;tedt;;;
7183;4;caldo de cana;;;
7494;4;WTF;;;
5681;4;Campo Santa Margherita;;;
7203;4;Curiosidade;;;
7900;4;estación norte;;;
4677;4;mappe;;;
5184;4;playing fields;;;
6813;4;concierto;;;
4954;4;Castelló;;;
7161;4;feira livre;;;
7941;4;senderisme;;;
6041;4;portico;;;
6834;4;Bullicio;;;
7044;4;palmeras;;;
4809;4;MECO;;;
5686;4;Capitello;;;
5926;4;fermata;;;
6042;4;chiostro;;;
6195;4;giochi;;;
7639;4;arte contemporânea;;;
4981;4;Rampa;;;
5080;4;Oranienburgerstrasse;;;
5829;4;Colori;;;
5927;4;Crocevia;;;
7141;4;mobilidade;;;
7243;4;Centro cultural São Paulo;;;
7992;4;paisatge sonor;;;
4832;4;sensorygarden;;;
5062;4;Büro;;;
5081;4;CO Berlin;;;
5483;4;Zamek;;;
5762;4;Toilette;;;
6316;4;Cortili;;;
6421;4;view;;;
6155;4;Imbarcaderi;;;
5380;4;Calor;;;
5549;4;wywiad;;;
6820;4;Cantar;;;
7872;4;UPC;;;
5769;4;Appetitoso;;;
7175;4;inclusão;;;
7247;4;Cão guia;;;
5068;4;Berlinische Galerie;;;
5320;4;casco vello;;;
5644;4;Busstop;;;
7610;4;Gastronomia;;;
7742;4;Brasil;;;
7561;4;minhocão;;;
5985;4;Eco;;;
4712;4;ponteggi;;;
4946;4;Domingo;;;
5112;4;Museumsinsel;;;
5913;4;scorrimano;;;
5942;3;Barca;;;
6099;3;scuole;;;
6189;3;entrata;;;
6344;3;Gelato;;;
6774;3;va bé;;;
6792;3;Exploración del barrio;;;
7113;3;Nou tag;;;
7491;3;Asac;;;
7598;3;GCM;;;
7898;3;Camino;;;
5000;3;niños correteando;;;
5030;3;Wifi;;;
7666;3;Sesc;;;
5595;3;Lody;;;
5653;3;beta;;;
7495;3;foo;;;
5329;3;catedral;;;
7040;3;La Roqueta;;;
7636;3;Museu;;;
5141;3;experience;;;
5165;3;Stelenfeld;;;
7497;3;associação cadevi;;;
4979;3;parada bus;;;
5565;3;klub;;;
6173;3;primavera;;;
6312;3;fortuny;;;
6366;3;divertimento;;;
7350;3;blindwikibr;;;
5295;3;Alameda;;;
5874;3;santa Marta;;;
5898;3;Multidirezionale;;;
6019;3;pasticceria;;;
7008;3;plaza de toros;;;
7027;3;Nazaret;;;
7587;3;falta de acessibilidade;;;
7851;3;Novo servidor;;;
7991;3;Vall del corb;;;
5010;3;Acera a ras;;;
5315;3;CORREOS;;;
5877;3;Parco giochi;;;
5972;3;Aaudiolibro;;;
6221;3;abbandono;;;
6678;3;túneles;;;
7170;3;São Paulo;;;
7314;3;Alex Flemming;;;
7420;3;Mequi 1000;;;
5208;3;Vorstellung;;;
5878;3;basket;;;
6198;3;viale;;;
6782;3;Jardín botánico;;;
7260;3;Vergueiro;;;
7993;3;Vinyes;;;
5082;3;Postfuhramt;;;
5929;3;Affollamento;;;
6249;3;fruttivendoli;;;
6403;3;People Mover;;;
6631;3;padiglione;;;
7143;3;Deus;;;
7173;3;dorinanowill;;;
7261;3;bengala;;;
7978;3;primer tram;;;
4989;3;Barrera;;;
5740;3;Libreria;;;
5859;3;laguna;;;
5978;3;portale;;;
5174;3;Freunde;;;
5587;3;Książki;;;
6158;3;Squero;;;
6821;3;pablo;;;
6901;3;sombra;;;
7465;3;fotografia;;;
7873;3;bw/EDU;;;
4816;3;courtyard;;;
4963;3;Descripcion;;;
5882;3;passaggio;;;
6483;3;Darsena;;;
4871;3;presidi sanitari;;;
4993;3;Angelito de perrita;;;
5088;3;Polizei;;;
5109;3;Kreuzung;;;
5342;3;Ferias;;;
5526;3;Bank pkobp rynek;;;
5886;3;calle stretta;;;
6280;3;osteria;;;
6651;3;Festa;;;
7197;3;ônibus;;;
7950;3;Pont;;;
4966;3;cosas raras;;;
5233;3;Antoni Abad;;;
5343;3;San Martín Pinario;;;
6863;3;l'horta;;;
6954;3;sonora;;;
7612;3;Barra Funda;;;
6206;3;vuoto;;;
6343;3;artigianato;;;
7217;3;Vale do Anhangabau;;;
7632;3;morango;;;
7664;3;exposição;;;
7762;3;Museu do folclore;;;
4793;2;stalls;;;
4948;2;Probeta;;;
4969;2;#precaucion #terraza #bar #cafeteria;;;
5029;2;hola Antoni estamos aqui trabajando mucho I guess that clear;;;
5091;2;springen;;;
5491;2;Rekreacja;;;
5531;2;makieta;;;
6059;2;Edicola;;;
6119;2;poesia;;;
6209;2;tombini;;;
6540;2;Casinò;;;
6826;2;detalles urbanos;;;
6885;2;Trinquet;;;
7061;2;animales;;;
7077;2;Torres Quart;;;
7130;2;Holahola;;;
7201;2;Arquitetura;;;
7449;2;cantando e encantando;;;
7564;2;Calçada;;;
7665;2;Carolina Maria;;;
7969;2;Església de Rigolisa;;;
5055;2;anfassen;;;
5074;2;Bier;;;
5594;2;Tosty;;;
5633;2;Przejscie przez ulice;;;
6345;2;Restauro;;;
6378;2;corte;;;
6394;2;Parcheggi;;;
6449;2;piscina;;;
6607;2;família;;;
6689;2;路很小;;;
6724;2;Amores;;;
6886;2;raspall adaptat;;;
6959;2;pintura;;;
7219;2;Rota Blindwiki;;;
7364;2;Bispo do Rosário;;;
7450;2;comércio ambulante;;;
7549;2;faculdade Oswaldo Cruz;;;
7634;2;Rota Sorocaba;;;
7731;2;Voluntariado;;;
7915;2;Semàfor sonor;;;
7954;2;element tàctil;;;
8002;2;divendres;;;
8018;2;Monestir de Pedralbes;;;
4676;2;localizazzione;;;
4950;2;Lluvia;;;
4974;2;Trabajo;;;
5237;2;Lagoa;;;
5310;2;Cabina telefo;;;
5372;2;Info generica;;;
5454;2;Fontanna rynek;;;
5534;2;Placki;;;
5578;2;Piano;;;
5921;2;statue;;;
6122;2;tavoli;;;
6212;2;Partigiane;;;
6489;2;Utilities;;;
7220;2;Anhangabaú;;;
7254;2;Aplicativo;;;
7683;2;Eodoviaria;;;
7863;2;Síndrome de Down;;;
4716;2;segnaletica;;;
5164;2;Brandenburger Tor;;;
5290;2;Educacion;;;
5352;2;descanso;;;
5434;2;Boisko;;;
5455;2;Kameleon;;;
5825;2;Parrucca;;;
5945;2;Monopattino;;;
6869;2;maquinaria;;;
6964;2;juegos;;;
7005;2;navegando;;;
7024;2;Aroma;;;
7454;2;diversidade na Paulista;;;
7668;2;sp;;;
7733;2;Rota Mam;;;
7940;2;Camí;;;
7956;2;riu;;;
8004;2;Yorelei;;;
4976;2;Cajas de fruta;;;
5058;2;faces;;;
5220;2;Galway;;;
5353;2;agua potable;;;
5417;2;Dziura w chodniku;;;
5435;2;sztuczna nawierzchnia;;;
5659;2;Drum;;;
5705;2;verduras;;;
5808;2;Giocattoli;;;
5826;2;microfono;;;
6104;2;frari;;;
6124;2;accesso disabili;;;
6193;2;informazioni;;;
6214;2;parcheggio;;;
6528;2;souvenir;;;
6710;2;incivico;;;
6923;2;Tranquilidad;;;
7025;2;césped;;;
7602;2;Memorial America Latina;;;
7669;2;Carolina Maria de Jesus;;;
7734;2;Olhar diferente;;;
7767;2;deficientevisual;;;
7957;2;muntanya;;;
5059;2;BB9;;;
5097;2;ABSV;;;
5221;2;NCBI;;;
5418;2;Kirche;;;
5620;2;sueño;;;
5637;2;supermarkety;;;
5660;2;silence;;;
5827;2;peloso;;;
5924;2;Arsenale;;;
6105;2;san polo;;;
6270;2;Sete;;;
6332;2;Giobbe;;;
6418;2;Ostello;;;
6545;2;Descrizione ambientale;;;
6676;2;pendientes;;;
6924;2;Palomas;;;
7082;2;La primera Once de Valencia;;;
7119;2;Tot;;;
7274;2;piso tátil do lado direito;;;
7311;2;ensaio;;;
7553;2;superação;;;
7638;2;Fotografias;;;
7751;2;Natural;;;
4860;2;pilastro dissuasore;;;
5188;2;Cul-de-sac;;;
5333;2;Obradoiro;;;
5376;2;Bereich Lebensmittel;;;
5419;2;church;;;
5661;2;gretapower;;;
5971;2;pesce;;;
6174;2;Passerella;;;
6747;2;Moscowneversleeps;;;
7188;2;Dorina Nowill;;;
7435;2;Agradecimento;;;
7458;2;artesanato na Paulista;;;
7476;2;árvores;;;
7920;2;paissatge sonor;;;
7943;2;Ruta de les cascades;;;
7959;2;Cerdanya;;;
4619;2;accademia;;;
4830;2;information;;;
5127;2;cinemas;;;
5189;2;oasis;;;
5246;2;ONCE;;;
5395;2;La Serra;;;
5420;2;église;;;
5761;2;San Marco;;;
6088;2;inferriata;;;
6197;2;Riposo;;;
6272;2;studenti;;;
6749;2;Center of the travelers;;;
6800;2;tinglados;;;
6874;2;Máquina;;;
7009;2;segunda parte;;;
7208;2;vivência;;;
7459;2;artista de rua;;;
7869;2;reivindicar;;;
7905;2;Arc de triomph;;;
4864;2;aspettare;;;
4959;2;Cocas;;;
5149;2;violin;;;
5171;2;üben;;;
5623;2;kroki;;;
5640;2;Dworzec glowny;;;
5951;2;servizio esselunga importante;;;
6048;2;modellino edificio;;;
6153;2;targhe;;;
6459;2;campo da tennis;;;
6714;2;sonidos ambientes;;;
6928;2;mirlos;;;
6947;2;voz;;;
7209;2;Rosewood;;;
7244;2;Centro cultural;;;
7354;2;Roselene;;;
7754;2;Basalto;;;
7804;2;Popchoir;;;
7961;2;Random;;;
5338;2;Parada taxi;;;
5379;2;Ubicació;;;
5422;2;Powitanie;;;
5813;2;spostarsi;;;
5905;2;foresta;;;
6199;2;giostre;;;
6354;2;Movimento;;;
6533;2;supermercato;;;
6876;2;Horno;;;
7210;2;Cidade Matarazzo;;;
7480;2;tutorial;;;
7508;2;Óscar Freire;;;
7524;2;buracos;;;
7805;2;culturainglesa;;;
7838;2;Gostosuras;;;
7946;2;atenció;;;
7994;2;Mas Fogonussa;;;
8010;2;Parc de l’oreneta;;;
4836;2;hhome;;;
5105;2;defekt;;;
5501;2;Biedronka;;;
5906;2;nightinvenice;;;
6337;2;sinagoga;;;
6632;2;Venezuela;;;
6931;2;arena;;;
6949;2;espectaculo;;;
7481;2;app;;;
7724;2;Depoimento;;;
7806;2;santossp;;;
4728;2;medici;;;
5067;2;Liegestühle;;;
5193;2;Water pump;;;
5230;2;Compostela;;;
5319;2;Franco;;;
5340;2;santa lucia;;;
5667;2;prosecco;;;
5741;2;acqualta;;;
5881;2;buio;;;
6052;2;andanes;;;
6133;2;riva;;;
6278;2;attenzione scalini;;;
6372;2;Aigua;;;
6425;2;venetians;;;
6551;2;Spiagge;;;
6769;2;domenica;;;
6932;2;música callejera;;;
6950;2;mercat;;;
7609;2;Rua Camaragibe;;;
7758;2;trilha;;;
7893;2;Calle peatonal;;;
5155;2;Street crossing;;;
5175;2;selfies;;;
5341;2;peregrinos;;;
5426;2;Polski Związek Niewidomych;;;
5503;2;kaczki;;;
5609;2;Szumiąca zagadka;;;
5668;2;salablu;;;
5862;2;Carcere;;;
5956;2;tradizione;;;
6095;2;scuola san rocco;;;
6339;2;panificio;;;
6373;2;soroll;;;
6618;2;Olafur Eliasson;;;
6667;2;rosa;;;
6822;2;irene;;;
6902;2;sabores;;;
7409;2;Shopping cidade São Paulo;;;
7466;2;Moreira Salles;;;
7949;2;elements urbans;;;
4817;2;Italian forum;;;
5383;2;Narrow street;;;
5407;2;Brakprzejscia;;;
5696;2;ponte di Calatrava;;;
5743;2;magia;;;
5772;2;Guggenheim;;;
6322;2;palazzi;;;
6465;2;s.Elena;;;
6504;2;Chiostri;;;
6521;2;Oficina;;;
6603;2;Ortsbeschreibung;;;
6619;2;Green Light;;;
6771;2;Error;;;
6862;2;Picanya;;;
6881;2;Guitarra;;;
6952;2;entrevista;;;
7090;2;#truth #coverup #Q #elites;;;
7214;2;Pão de queijo;;;
7249;2;instituto magnus;;;
7630;2;Museu de arte contemporânea de Sorocaba;;;
5050;2;Exhibition;;;
5111;2;Tastmodell;;;
5646;2;disaster;;;
5697;2;Piazzale Roma;;;
6029;2;Decorazioni;;;
6281;2;spritz;;;
6409;2;Isole;;;
6636;2;paesi nordici;;;
6685;2;texturas;;;
6721;2;Plantas;;;
7324;2;Visão;;;
7343;2;#;;;
7485;2;lixo;;;
7663;2;Sesc Sorocaba;;;
7712;2;Rota;;;
7843;2;Sustentabilidade;;;
7967;2;panell informatiu;;;
3112;2;testaudio;Tag migrated from newyork;;
4672;2;Freddo;;;
5051;2;Ping-pong;;;
5090;2;Wasserturm;;;
5592;2;Kiosk;;;
5801;2;fondaco tedeschi;;;
5866;2;Rialto;;;
6057;2;Locali;;;
6259;2;navi;;;
6376;2;pizzeria;;;
6447;2;Lido;;;
6653;2;documenta;;;
6791;2;aula;;;
6883;2;Pilota valenciana;;;
7445;2;Instituto Moreira Salles;;;
7514;2;Pobre Juan;;;
7745;2;Taste festival;;;
4674;1;studio;;;
4713;1;testando2;;;
4821;1;Italian restaurant;;;
4843;1;exercisey;;;
4999;1;encima de la acera;;;
5054;1;sitzen;;;
5113;1;Flohmarkt;;;
5136;1;Brandenburgertor;;;
5179;1;Berlin Wall;;;
5199;1;Springbrunnen;;;
5216;1;blind;;;
5235;1;Holaaa a todos;;;
5260;1;Semáforos no sonoros;;;
5308;1;Colegio;;;
5325;1;RECORDOS;;;
5345;1;Acceso minusvalidos;;;
5370;1;Siedlung;;;
5386;1;Alilaguna;;;
5413;1;Wiersz na murze;;;
5430;1;Szukamy internetu;;;
5452;1;funlife;;;
5473;1;Jas i Malgosia;;;
5507;1;Harmonijka;;;
5558;1;ziemią a drzewem;;;
5576;1;BricoMarche Nowa-Ruda-Słupiec;;;
5593;1;Galeria Dominikanska;;;
5615;1;Kalambur;;;
5632;1;Dab wolnosci;;;
5648;1;carret;;;
5678;1;Passerelle a caso;;;
5699;1;Battello 51;;;
5724;1;porticato;;;
5778;1;Puro;;;
5820;1;Provare;;;
5842;1;portone;;;
5867;1;ambulanti;;;
5891;1;marin faliero;;;
5918;1;ringhiera;;;
5961;1;fiera;;;
5987;1;Porta arsenale;;;
6009;1;Vociare;;;
6032;1;chiesa dei frari;;;
6140;1;Traghetto;;;
6167;1;Stazione biglietteria;;;
6235;1;comune Venezia;;;
6260;1;merci;;;
6284;1;Muretti;;;
6306;1;San Geremia;;;
6326;1;Tesr;;;
6361;1;racconto;;;
6377;1;Crocefisso;;;
6393;1;Amicizie;;;
6412;1;TreOci ;;;
6432;1;Building;;;
6448;1;distanza;;;
6470;1;Cani;;;
6487;1;agevolazioni;;;
6507;1;Attraversamento pedonale;;;
6524;1;Currywurst;;;
6556;1;Blue moon;;;
6572;1;portici;;;
6589;1;fritto di mare;;;
6606;1;Isoloto;;;
6622;1;bookshop;;;
6638;1;cemento;;;
6655;1;Concerto;;;
6688;1;rejas;;;
6704;1;Música tienda;;;
6723;1;Reciclwta;;;
6740;1;Spitalfields market;;;
6758;1;Qwe;;;
6846;1;trens;;;
6866;1;visita guiada;;;
6908;1;Contrabando;;;
6937;1;cara del moro;;;
6958;1;exposición;;;
6985;1;pedazos;;;
7001;1;accesibilidad parada de autobuses múltiple 10 autobuses paran aquí;;;
7021;1;Historia hospital antiguo;;;
7037;1;Lanzadora;;;
7093;1;insidejob;;;
7155;1;Cafezinho;;;
7218;1;#v;;;
7236;1;Sesc 24 de Maio;;;
7252;1;dejetos;;;
7268;1;início;;;
7286;1;Jardim;;;
7304;1;Carlos # cheiro;;;
7326;1;vidro;;;
7345;1;JHSP ACESSÍVEL;;;
7363;1;Itaú cultural;;;
7379;1;exclusão social;;;
7396;1;Musicanapaulista country;;;
7413;1;sesi;;;
7429;1;Condomínio nacional;;;
7470;1;passarinhos;;;
7515;1;jantar;;;
7531;1;uma cidade mais acessível;;;
7548;1;Trajeto metrô Marechal;;;
7581;1;guarulhos;;;
7614;1;to fazendo falta;;;
7633;1;Teco fotografia;;;
7649;1;Porgaoddferro;;;
7698;1;GOSTARIA DE PARTICIPAR COMO VOLUNTARIA NO PASSEIO DO MAN.;;;
7714;1;Obra cantoneiras Ibirapuera;;;
7730;1;Cinthia;;;
7746;1;Arepa;;;
7763;1;Universidade israelita;;;
7779;1;Instituto Paulistano;;;
7795;1;Flores;;;
7812;1;cracolandia;;;
7829;1;comemoração;;;
7845;1;Denúncia;;;
7861;1;amizadesnovas;;;
7878;1;imigração espanhola no Brasil;;;
7914;1;bickcletes;;;
7937;1;"Ocells 
Paissatge sonor
Parcs";;;
7953;1;ferradura dels cavalls;;;
7985;1;Porté-Puymorens;;;
8017;1;Urgell;;;
4714;1;testando3;;;
4844;1;laundromat;;;
4949;1;En el eacc;;;
4971;1;Ayuda;;;
5162;1;Verschwörungstheorie;;;
5180;1;Saxophone;;;
5200;1;französische Botschaft;;;
5217;1;sehbehindert;;;
5262;1;Civus;;;
5285;1;Precaución mami;;;
5326;1;tradicional;;;
5371;1;"Ein Spielplatz ist in der nähe
Die Sonne scheint
Am ende ist ein tunnel";;;
5414;1;duze skrzyzowanie;;;
5432;1;Muchomory;;;
5453;1;Szkolenie;;;
5475;1;Pasaż pod błękitnym słońcem;;;
5492;1;Zamek staw;;;
5508;1;cichy lowca;;;
5559;1;Lodz;;;
5577;1;Mienice miejsce-na-ognisko;;;
5616;1;Impreza;;;
5680;1;Pescivendolo;;;
5700;1;Battello 5;;;
5751;1;Libreria acqua alta;;;
5779;1;peste;;;
5803;1;eliche;;;
5821;1;Impressioni;;;
5846;1;bellezza;;;
5868;1;Area di sosta;;;
5892;1;colleoni;;;
5943;1;Frenesia;;;
5962;1;Via bustelli 9;;;
5988;1;suono campane;;;
6010;1;Osmiza;;;
6036;1;San tomà;;;
6060;1;vita notturna;;;
6080;1;Direzioni;;;
6100;1;vetrine;;;
6120;1;Carabinieri;;;
6142;1;Porticati;;;
6169;1;Palazzo Mocenigo;;;
6190;1;Chill;;;
6236;1;balconcino;;;
6261;1;cancello;;;
6286;1;S.Barnaba;;;
6307;1;Skyline;;;
6327;1;randomtag;;;
6362;1;margherite;;;
6414;1;Piscina sacca fisola;;;
6433;1;colour;;;
6488;1;chiaro di luna;;;
6508;1;Pitura freska;;;
6525;1;Pikant;;;
6541;1;dipinti;;;
6557;1;bagno;;;
6573;1;gelateria;;;
6590;1;stuzzichini;;;
6623;1;gadget;;;
6639;1;convivenza;;;
6656;1;cicale;;;
6672;1;Muros de piedra;;;
6705;1;Motos en espera;;;
6741;1;Petticoat lane;;;
6759;1;Fondazione Benetton;;;
6775;1;o no;;;
6793;1;Diálogo;;;
6811;1;Marina;;;
6829;1;cauce;;;
6847;1;viatges;;;
6867;1;historia de Valencia;;;
6909;1;historias del Cabanyal;;;
6938;1;pòrticos;;;
6986;1;trozos;;;
7002;1;zona peatonal;;;
7022;1;Primera;;;
7038;1;típico;;;
7062;1;barcos;;;
7078;1;puerta muralla cristiana;;;
7094;1;corrupt;;;
7131;1;U;;;
7157;1;Complexo transportes coletivos Saccoman;;;
7202;1;Judeus;;;
7237;1;Metrô Sumaré;;;
7253;1;Amora;;;
7269;1;direção;;;
7287;1;Prédios;;;
7306;1;Biblioteca Louis Braille;;;
7327;1;Paredesopticas;;;
7346;1;Fios de Seda;;;
7380;1;Grupo;;;
7398;1;Museu liceo pasteur;;;
7414;1;Masp;;;
7430;1;casa cor 35 anos;;;
7471;1;vale a pena;;;
7516;1;churros com doce de leite;;;
7532;1;acidentes;;;
7565;1;Marechal Deodoro;;;
7582;1;morador de rua;;;
7615;1;caminhos musicais;;;
7650;1;polonia;;;
7682;1;Brasil ruído do vento;;;
7699;1;pandeiro;;;
7715;1;Obra traca;;;
7747;1;mensagem;;;
7764;1;Cinegrafista cega;;;
7780;1;Dica;;;
7796;1;Japão;;;
7813;1;Campanha gota eficiente;;;
7830;1;candidatos;;;
7846;1;Caraguatatuba;;;
7862;1;"São Benedito 
Franciscanos 
Frei Alvaci";;;
7879;1;Centro para Aline 2023;;;
7899;1;aeropuerto;;;
7938;1;"Parcs
Ocells
Fauna";;;
7970;1;lectura;;;
7986;1;Tag1;;;
4823;1;exercise;;;
5005;1;máquina expendedora;;;
5031;1;Leipzig;;;
5093;1;MIDI;;;
5116;1;Holz;;;
5163;1;Friedenslauf;;;
5201;1;Pariser Platz;;;
5218;1;blindenselbsthilfe;;;
5264;1;matemáticas;;;
5286;1;Zona verde;;;
5328;1;Plataformas;;;
5351;1;xardins;;;
5390;1;Cartello;;;
5415;1;Wąski chodnik;;;
5433;1;grzyby;;;
5493;1;światła;;;
5509;1;pomost;;;
5560;1;drobiowa watrobka;;;
5617;1;srodmiescie;;;
5634;1;Kamiennogórska;;;
5701;1;linee guida;;;
5726;1;P;;;
5780;1;tabaco;;;
5822;1;Salmastro;;;
5847;1;Hare Krishna;;;
5869;1;San Giacometo;;;
5893;1;Battello 4.1;;;
5944;1;accenti;;;
5963;1;prova registrazione;;;
5989;1;sculture in rilievo;;;
6011;1;serata primaverile;;;
6037;1;percorso pedotattile;;;
6062;1;terrazze esterne;;;
6083;1;san pantalon;;;
6101;1;ambiguità;;;
6146;1;visivo;;;
6170;1;basilica;;;
6191;1;giardini viale panchine;;;
6238;1;madonna;;;
6264;1;pranzo;;;
6289;1;Telefono;;;
6309;1;donne;;;
6328;1;addedtag;;;
6347;1;Fontadamenta;;;
6363;1;burloni;;;
6379;1;vino;;;
6395;1;passi;;;
6415;1;Prato;;;
6434;1;families;;;
6450;1;Bar carizzi;;;
6472;1;Ambienti notturni;;;
6509;1;Furio;;;
6526;1;Pinacoteca Ravenna;;;
6542;1;good coffee;;;
6558;1;tribune;;;
6574;1;Mercatino;;;
6591;1;cioccolata;;;
6608;1;rio de malcanton;;;
6624;1;disabili;;;
6640;1;rusian;;;
6657;1;nit;;;
6673;1;alambres;;;
6690;1;Sonoro candado;;;
6708;1;campus de cuenca;;;
6725;1;Somos;;;
6742;1;Toynbee Hall;;;
6760;1;Museum;;;
6776;1;y si;;;
6794;1;La naves;;;
6812;1;lloros;;;
6831;1;susurros;;;
6850;1;Zona de juegos;;;
6868;1;Q1q;;;
6888;1;trinquet pelaio;;;
6916;1;Paraje natural de Contreras;;;
6940;1;animación;;;
6960;1;espacio;;;
6987;1;El capítulet;;;
7004;1;velero;;;
7023;1;origin tvirgen Desamparados;;;
7039;1;San Vicente de la roqueta;;;
7063;1;patrimonio;;;
7095;1;lies;;;
7115;1;Sim;;;
7132;1;altre;;;
7158;1;Dorenauil;;;
7184;1;experiência sensorial;;;
7238;1;Street dancing;;;
7271;1;Barreiras;;;
7288;1;hospitais;;;
7307;1;Arte Tátil;;;
7328;1;_optical walls;;;
7347;1;Bolsas Japanhouse cultura;;;
7365;1;Músicas avpaulista somdapaulista;;;
7381;1;Esquemapreferido;;;
7399;1;Super heróis;;;
7415;1;Trianon;;;
7431;1;Sertanejonapaulista dança;;;
7453;1;edifício do Gazeta;;;
7472;1;memória;;;
7517;1;diversidade;;;
7533;1;ação cidadão;;;
7550;1;Cara importante;;;
7566;1;banco Bradesco;;;
7583;1;cegueira com produto químico;;;
7600;1;Museu da Inclusão;;;
7616;1;guarda civil metropolitana;;;
7635;1;Expectativas;;;
7651;1;france;;;
7667;1;covardia;;;
7700;1;instrumentos musicais;;;
7716;1;construcao do mundo;;;
7732;1;projeto no Brasil;;;
7748;1;Agência correio;;;
7765;1;documentário Blind Wiki;;;
7781;1;Mequi;;;
7797;1;centroculturalvergueiro;;;
7814;1;Lardasmoçascegas;;;
7831;1;Lula;;;
7847;1;Antiestresse;;;
7880;1;centroparalímpicobrasileiro;;;
7916;1;Parc ibfantil;;;
7939;1;"Campanes
Parroquia del Carme";;;
7955;1;pedra i fusta;;;
7971;1;segon tram;;;
7987;1;Me gusta el peperoni;;;
8003;1;cuatre;;;
8019;1;cultura accessible;;;
4802;1;weather;;;
4824;1;Irish pub;;;
4846;1;support group;;;
4952;1;cosas;;;
5006;1;largo;;;
5032;1;Wohnung;;;
5076;1;Grill;;;
5095;1;Klanginstallation;;;
5117;1;Empfehlung;;;
5202;1;Lärm;;;
5219;1;Beratung;;;
5239;1;balea;;;
5266;1;Feuga;;;
5311;1;Entrada inaccesible;;;
5373;1;Hier ist es sehr schön im Timmendorfer Strand;;;
5416;1;Udźwiękowione przejście dla pieszych;;;
5478;1;Kino helios;;;
5494;1;tir;;;
5510;1;nie kąpiemy się;;;
5537;1;Interview;;;
5563;1;Sat;;;
5579;1;street musician;;;
5596;1;rurki;;;
5618;1;pozdrawiam;;;
5635;1;Pasy;;;
5657;1;enregistrament;;;
5682;1;Gruppo anziani;;;
5704;1;pescado;;;
5757;1;multietnicità;;;
5805;1;percorsi tattili inaccessibili;;;
5848;1;danze;;;
5871;1;punto di interesse;;;
5895;1;passerelle;;;
5992;1;chiesa santissimo redentoregondola col tetto;;;
6013;1;Nova versio;;;
6084;1;porte;;;
6102;1;fastidii;;;
6123;1;Telefoni;;;
6147;1;in viaggio;;;
6171;1;loggia dei cavalli;;;
6192;1;orari;;;
6213;1;veneto;;;
6239;1;altarino;;;
6290;1;telefono pubblico;;;
6310;1;san benetto;;;
6330;1;Spazio verde;;;
6364;1;mamme;;;
6380;1;dentista;;;
6396;1;gatti;;;
6416;1;Prat;;;
6435;1;children;;;
6453;1;acessibilita;;;
6473;1;Edificio;;;
6491;1;spazi;;;
6510;1;reggae;;;
6527;1;Tolentini;;;
6543;1;UdL;;;
6559;1;gradoni;;;
6575;1;usato;;;
6592;1;frittelle;;;
6609;1;Campiello mosca;;;
6625;1;Sassi;;;
6641;1;pavilion;;;
6658;1;Free Wi Fi;;;
6674;1;Caminos;;;
6691;1;Aceras anchas;;;
6709;1;casa del estudiante;;;
6726;1;Vidas;;;
6743;1;More London;;;
6761;1;Berlin;;;
6777;1;Testeando;;;
6832;1;compañía;;;
6851;1;DrLluch;;;
6889;1;Helat;;;
6922;1;Finca roja De Valencia;;;
6941;1;alerta;;;
6988;1;En el moving Jardín es;;;
7064;1;paseantes;;;
7080;1;defensa;;;
7096;1;Statie ratb 104;;;
7116;1;agora;;;
7133;1;dim;;;
7159;1;Expedição;;;
7185;1;Jô Soares;;;
7204;1;Detalhes Construtivos;;;
7221;1;Ladeira da memória;;;
7255;1;androides;;;
7272;1;Cidade;;;
7289;1;Solarium;;;
7308;1;deficiência visual;;;
7329;1;o que não é visível;;;
7366;1;santacatarinahospital;;;
7382;1;Colégio Rodrigues Alves;;;
7400;1;Galeria super variado;;;
7416;1;Museu masp;;;
7432;1;Sertanejo;;;
7473;1;tropeiros;;;
7496;1;prefeitura de santo André;;;
7518;1;juntos somos mais fortes;;;
7534;1;Wiki: rede colaborativa;;;
7551;1;ponto de ônibus.;;;
7567;1;Meios de transporte;;;
7584;1;Theatro São Pedro;;;
7601;1;estação Barra Funda;;;
7617;1;livraria;;;
7652;1;uk;;;
7684;1;rodoviario;;;
7701;1;Rota_centro_SJCampos/SP;;;
7749;1;Bos;;;
7766;1;Entone Abad;;;
7782;1;Instagram;;;
7798;1;auladeforró;;;
7815;1;Santos;;;
7832;1;Presidência;;;
7848;1;Segurança;;;
7864;1;Dom Quixote;;;
7881;1;cpb;;;
7901;1;Dársenas;;;
7917;1;Paissatge sobir;;;
7972;1;punt de decisió;;;
8020;1;maquetes tàctils;;;
4267;1;Android 2 punto 3 punto sei;;;
5007;1;muchos metros;;;
5033;1;Balkon;;;
5077;1;Aufnahme;;;
5096;1;Treppenhaus;;;
5185;1;Bakery;;;
5203;1;Stille;;;
5240;1;Milladoiro;;;
5267;1;Escuela ingeniería;;;
5291;1;Institutos;;;
5312;1;Supermercados;;;
5330;1;hostal;;;
5374;1;Italian;;;
5479;1;Chatka na jatkach;;;
5495;1;uwaga;;;
5511;1;Grajek;;;
5564;1;Winda;;;
5580;1;Gwizdanie;;;
5597;1;lodziarnia;;;
5636;1;dobiegniew;;;
5683;1;Fonderia;;;
5728;1;anna1;;;
5758;1;Pianoforte;;;
5782;1;Villa Heriot;;;
5849;1;Gressan;;;
5872;1;guerra;;;
5896;1;Foto;;;
5923;1;Corderie;;;
5946;1;Soffritto;;;
5966;1;Rialto mercato;;;
5995;1;gondola col tetto;;;
6014;1;associazione;;;
6040;1;biblioteca tolentini;;;
6064;1;noia;;;
6172;1;motosega;;;
6241;1;muro mattoni;;;
6269;1;folla;;;
6291;1;tasti;;;
6311;1;Palazzo;;;
6349;1;fondazione;;;
6365;1;dolcezza;;;
6381;1;collegio;;;
6397;1;deposito;;;
6417;1;Prado;;;
6436;1;cat;;;
6454;1;svago;;;
6474;1;Stadio;;;
6492;1;Animali notturni;;;
6511;1;Magazzino;;;
6544;1;attraversamento;;;
6560;1;Defibrillatore;;;
6576;1;antiquario;;;
6593;1;poste italiane;;;
6610;1;erba;;;
6626;1;suono;;;
6642;1;safety;;;
6659;1;Helicopter;;;
6675;1;carreteras;;;
6692;1;很危險;;;
6727;1;My home;;;
6745;1;hermitage;;;
6762;1;Skulptur;;;
6797;1;Baloncesto;;;
6833;1;Encuentro;;;
6852;1;Restos;;;
6871;1;salvado;;;
6891;1;veins;;;
6942;1;sillas;;;
6967;1;cocina de bar;;;
6989;1;Capilla del Capitulet;;;
7006;1;fuera Puerto de Valencia;;;
7043;1;Mislata;;;
7065;1;asociaciones;;;
7081;1;Torres de Quart;;;
7097;1;Atardecer en Av peru;;;
7134;1;Ambient sonoro;;;
7186;1;humorista;;;
7205;1;reclamar;;;
7222;1;BIKE TOUR SP;;;
7240;1;jovens;;;
7256;1;modelos de celulares;;;
7273;1;Falta de Acessibidade;;;
7290;1;piquenique;;;
7309;1;Carlos # onibus;;;
7331;1;Dentrofora;;;
7349;1;Leitura Braille;;;
7367;1;Relatos Urbanos;;;
7383;1;Regina;;;
7401;1;Sao paulo da garoa;;;
7417;1;Parque trianon;;;
7433;1;Rota Paulista;;;
7456;1;prédio da FIESP;;;
7474;1;escravos;;;
7519;1;vemos a possibilidade;;;
7535;1;rota06;;;
7552;1;Gabrielzinho manos crew;;;
7568;1;Pessoas com dependência química;;;
7585;1;Ópera;;;
7619;1;Alda;;;
7637;1;contemporânea;;;
7653;1;poetry;;;
7685;1;Vlt;;;
7702;1;Eugenio de Melo;;;
7718;1;Jardim das Esculturas;;;
7750;1;oftalmológico;;;
7783;1;Zeca pagodinho rio de janeiro;;;
7799;1;Romeu temdeviver;;;
7816;1;Associação Baiana de imprensa. Salvador. Bahia.;;;
7833;1;Ovelhas;;;
7849;1;linha vermelha sp;;;
7865;1;Doces;;;
7882;1;Bairro Olaria;;;
7902;1;Salida metro;;;
7918;1;cartel de menú;;;
7973;1;inici del segon tram;;;
8005;1;flora;;;
8021;1;maqueta tàctil;;;
4692;1;Mercat tu;;;
4827;1;inconveniences;;;
4853;1;ciao;;;
5008;1;corte ingles;;;
5078;1;willkommen;;;
5146;1;Denke mal;;;
5187;1;Balzer;;;
5204;1;Holocaust Denkmal;;;
5241;1;Ames;;;
5269;1;Mata ciegos;;;
5294;1;Kioscos;;;
5313;1;froiz;;;
5331;1;con cello;;;
5375;1;Das befindet sich auf dem Lande in Extertal;;;
5393;1;Totem;;;
5436;1;Palarnia;;;
5458;1;Pregież rynek Wrocław;;;
5480;1;Witaminka rynek Wrocław;;;
5496;1;brak biedy;;;
5513;1;Cyganka;;;
5581;1;poezja;;;
5598;1;lato;;;
5684;1;bronzo;;;
5706;1;Ca' Dario;;;
5729;1;Anna12;;;
5783;1;Centri civici;;;
5809;1;Santuario;;;
5853;1;Ferrovvia;;;
5873;1;memorie;;;
5897;1;Bottega.forcole.remi#;;;
5947;1;fegato;;;
5996;1;gondole con rilievo particolare;;;
6015;1;uici;;;
6065;1;attese;;;
6125;1;Spazio vuoto;;;
6149;1;studio di tatuaggi;;;
6194;1;Vedute;;;
6215;1;corte interna;;;
6245;1;creazioni;;;
6292;1;anni 90;;;
6350;1;Dornbusch;;;
6382;1;concerti;;;
6398;1;Area;;;
6437;1;Bow;;;
6455;1;Gufo;;;
6475;1;Superfici;;;
6493;1;versi;;;
6512;1;San Basilio;;;
6529;1;lavanderia;;;
6561;1;fermate;;;
6577;1;spese;;;
6594;1;alimentari;;;
6611;1;piedra;;;
6627;1;cammino;;;
6643;1;trieste;;;
6660;1;Wassenberg;;;
6693;1;Autos subiendo y bajando cuesta;;;
6711;1;hierro;;;
6728;1;Dokan;;;
6746;1;lectures;;;
6763;1;Altstadt;;;
6779;1;hogar;;;
6798;1;canasta;;;
6815;1;Banderes;;;
6853;1;Polideportivo;;;
6872;1;Museo arroz;;;
6892;1;Veins associacio;;;
6943;1;mesas;;;
6968;1;chaflán;;;
6990;1;Iglesia de Santa Lucía;;;
7007;1;a bordo del Albert;;;
7026;1;puente;;;
7066;1;aglomeración;;;
7098;1;Viña del Mar;;;
7138;1;finalmente;;;
7162;1;Hashtag vila Clementino hashtag feira baratos;;;
7187;1;painel tátil;;;
7206;1;solicitar;;;
7223;1;Bicicleta;;;
7241;1;@ Pico;;;
7257;1;Viva;;;
7291;1;Jardim suspenso;;;
7333;1;Jardim japonês;;;
7368;1;Renato Alioti;;;
7384;1;Sertanejo som cultura;;;
7402;1;sao paulo terra boa;;;
7418;1;Mequi1000;;;
7434;1;Celebração;;;
7457;1;ação saúde;;;
7475;1;morro;;;
7499;1;lorem ipsum;;;
7520;1;Histórico do projeto Blindwiki;;;
7536;1;unteste;;;
7569;1;supermercado J. jota;;;
7586;1;Ver com Palavras;;;
7603;1;Altar dos mortos;;;
7620;1;sinalsonoro;;;
7654;1;sky;;;
7670;1;Réplicas Táteis;;;
7686;1;rj;;;
7703;1;Distrito Eugenio de Melo;;;
7719;1;Parque Ibirapuera;;;
7735;1;coordenadora do educativo MAM;;;
7768;1;#feira #caldodecana #vilaclementino #sons;;;
7784;1;parque disposições;;;
7800;1;segundasfeiras19h30;;;
7818;1;#karaokê #bar #metrocarrao;;;
7834;1;Alimentos orgânicos;;;
7850;1;estação Belém;;;
7883;1;Street;;;
7903;1;sin escaleras;;;
7919;1;Sant antoni;;;
7942;1;descans;;;
7958;1;Ur;;;
7974;1;perill el primer tram;;;
8006;1;Toulouse;;;
4957;1;nubes;;;
4980;1;bordillos;;;
5009;1;parque ribalta;;;
5060;1;Ferry;;;
5098;1;meeting;;;
5123;1;cultural centers;;;
5147;1;Tiergarten;;;
5169;1;Hoffnung;;;
5206;1;Veranstaltungen;;;
5222;1;First;;;
5270;1;IA;;;
5358;1;Portales;;;
5394;1;Monumento Garibaldi;;;
5437;1;W kierunku centrum;;;
5460;1;Teraz szkoła proza szkolenie super;;;
5481;1;Kałuże są bo woda pasuje;;;
5497;1;trawnik;;;
5514;1;jessica;;;
5542;1;woda;;;
5566;1;Gorące paczki;;;
5582;1;spotkania autorskie;;;
5601;1;Urząd miasta;;;
5638;1;atrakcje;;;
5708;1;poeti;;;
5730;1;A na1;;;
5784;1;Rio terrà;;;
5810;1;tazzine;;;
5828;1;"Ospedalw
E civile";;;
5948;1;Auditorium;;;
5997;1;cantiere di gondole e barche;;;
6066;1;Canti;;;
6087;1;scuola grande di san rocco;;;
6106;1;estintore;;;
6150;1;ronzio;;;
6220;1;morta;;;
6246;1;umano;;;
6271;1;sicurezze;;;
6293;1;Toletta;;;
6313;1;sanbenetto;;;
6333;1;confine;;;
6351;1;Bäckerei;;;
6383;1;patronato;;;
6400;1;vie alternative;;;
6419;1;Camp de futbol;;;
6438;1;Venice;;;
6456;1;Vw;;;
6476;1;Hotel San Elena;;;
6494;1;sacafisola;;;
6530;1;cartolibreria;;;
6546;1;Sala;;;
6562;1;Grand Hotel Des Bains;;;
6578;1;compere;;;
6595;1;tabacchino;;;
6612;1;pasos;;;
6628;1;percorribile;;;
6644;1;"Carrer ample 
Soroll 
Vent";;;
6661;1;wohnzimmer;;;
6677;1;socavones;;;
6694;1;車子多;;;
6712;1;Ayuntamiento;;;
6729;1;Auguri;;;
6780;1;València;;;
6799;1;Skate;;;
6816;1;Assaig;;;
6836;1;Bienestar;;;
6854;1;femenino;;;
6873;1;sonidos;;;
6893;1;Vains;;;
6926;1;cítricos;;;
6944;1;penumbra;;;
6969;1;Conversaciones;;;
6991;1;Palacio de la ceda;;;
7045;1;Colegio de escolapios segunda parte;;;
7067;1;Helados;;;
7083;1;Churros;;;
7099;1;dia nublado al lado del mar en el boulevard;;;
7120;1;Bom dia;;;
7139;1;Prece;;;
7168;1;jardim_botânicoSP;;;
7207;1;Supermecado;;;
7224;1;Biblioteca Mário de Andrade;;;
7258;1;postar;;;
7275;1;Piso tatil lado direito;;;
7292;1;Piso superior 2;;;
7312;1;orquestra;;;
7334;1;sociedade coletiva;;;
7351;1;Centro Cultural Itaú;;;
7369;1;7 anjos;;;
7385;1;Lanchonete garoa Paulista;;;
7403;1;Shopping garoa;;;
7419;1;Máqui 1000;;;
7500;1;Subprefeitura Ipiranga;;;
7521;1;projeto político;;;
7537;1;Laraparque;;;
7554;1;SãoGonçalo;;;
7570;1;Padaria Iracema;;;
7604;1;caveira símbolo de igualdade;;;
7621;1;atencao;;;
7655;1;blind.wiki;;;
7671;1;Igreja católica;;;
7687;1;Avenida Paulista 200;;;
7704;1;Armazem Secos e Molhados;;;
7720;1;Carrancas;;;
7736;1;produção blindwiki Brasil;;;
7752;1;Municipal;;;
7769;1;Trindade;;;
7785;1;espaço para shows;;;
7801;1;FundaçãoDorina;;;
7819;1;karaokê;;;
7835;1;Tapioca;;;
7868;1;Cultura accesible;;;
7884;1;Square pues te voy a decir bueno pero es que hay gente que le va a ir mejor escribir pero ahora mismo me está molestar reconociendo bien está molestar bien el cambio pero claro lo está haciendo ahora en tiempo real esto está conectado al servidor y en el t;;;
7904;1;arc teriomph;;;
7975;1;Sèquia;;;
8007;1;nom dels carrers;;;
5061;1;TU Berlin;;;
5099;1;supermarket;;;
5207;1;Michael Jackson;;;
5223;1;i m on Market Square;;;
5271;1;Iiaa;;;
5335;1;Tabernas;;;
5359;1;Obras finalizada;;;
5377;1;Drogerie Markt;;;
5438;1;Dąb;;;
5461;1;Schody do nikad;;;
5482;1;Where is Antonii?;;;
5498;1;rośliny;;;
5516;1;Piekarnia na Bema;;;
5544;1;Valerian Dominikanska;;;
5567;1;Hotel Monopol;;;
5583;1;Frytki;;;
5603;1;Bar witek;;;
5639;1;galerie sztuki;;;
5662;1;Edifici històric;;;
5687;1;devozione;;;
5709;1;Punta Dogana;;;
5785;1;Percorso tattile;;;
5811;1;campanello;;;
5899;1;station full people but all the directions in order;;;
5950;1;Canto;;;
5999;1;pericolo mella strada;;;
6020;1;pasticcerie;;;
6047;1;sanrocco;;;
6067;1;gruppo;;;
6107;1;riflessi;;;
6127;1;Tattili;;;
6151;1;macchinetta;;;
6176;1;Coffee breakfast bar;;;
6296;1;dolci;;;
6314;1;santo stefano;;;
6334;1;pittoresco;;;
6352;1;HessischerRundfunk;;;
6368;1;paese;;;
6384;1;facciata;;;
6401;1;enoteche;;;
6420;1;daisy;;;
6439;1;Aperitivo;;;
6457;1;attention;;;
6478;1;dormiente;;;
6496;1;sacca fisola;;;
6515;1;tester;;;
6531;1;tabaccaio;;;
6547;1;Attraversamenti;;;
6563;1;Morte a Venezia;;;
6579;1;fisarmonica;;;
6597;1;Aiuola;;;
6613;1;pavellonestadosunidos;;;
6629;1;Israele;;;
6645;1;Carrer ample;;;
6662;1;ausruhen;;;
6695;1;Aparcamientos;;;
6713;1;Aguas;;;
6731;1;Aldgate underground;;;
6781;1;ciudad;;;
6817;1;glorieta;;;
6837;1;pescaderia;;;
6855;1;entrenamiento;;;
6895;1;Escritor;;;
6927;1;jardín botáncio;;;
6946;1;vida;;;
6971;1;Casita verde;;;
6992;1;Estación del Norte;;;
7028;1;barrio;;;
7047;1;palmera antigua;;;
7068;1;colores;;;
7084;1;Botánico primera parte;;;
7100;1;home;;;
7121;1;Come;;;
7189;1;centro de memória;;;
7225;1;Terraçoamdrade;;;
7259;1;Chá de folha de amora;;;
7276;1;pátio aberto;;;
7293;1;horta;;;
7335;1;Tobojapao;;;
7353;1;Saudejapanhouse madeira;;;
7370;1;Coco de pombo;;;
7386;1;Pospandemianapaulista;;;
7404;1;Clube homes;;;
7436;1;Shopping center 3;;;
7477;1;cheirinho;;;
7501;1;posto SPTrans;;;
7522;1;dar voz;;;
7538;1;Alegria;;;
7555;1;Caminhada;;;
7571;1;Angélica;;;
7589;1;Várzea do Carmo ubs;;;
7605;1;sobrenome;;;
7623;1;Terminal barra funda;;;
7640;1;Auditório;;;
7656;1;Estação Ferroviária Sorocabana;;;
7672;1;missa;;;
7688;1;Luce-Prima;;;
7705;1;Igreja Paroquia Imaculada Conceiçao;;;
7721;1;Amilcar de Castro;;;
7737;1;Palestra;;;
7753;1;do;;;
7770;1;Ascessibilidade;;;
7786;1;vilaitororo;;;
7802;1;painel;;;
7820;1;metrôcarrão;;;
7836;1;Mimoo;;;
7852;1;"Pizza; bosko; delícias; típica;italiana";;;
7921;1;iPad;;;
7944;1;Cant dels ocells;;;
7960;1;Església de l’Alba;;;
7976;1;dificultats per caminar;;;
8008;1;Diagonal;;;
4725;1;amaury;;;
4811;1;Indian restaurant;;;
5100;1;sidewalk;;;
5128;1;performances;;;
5190;1;play ground;;;
5273;1;IIT;;;
5316;1;Lousas;;;
5336;1;convento;;;
5378;1;Bereich Briefe und Tapeten;;;
5397;1;Fermata Giardini;;;
5439;1;Laka;;;
5462;1;Dobra;;;
5499;1;Plac zabw;;;
5517;1;PolishLody na Bema nie;;;
5546;1;dzieci;;;
5568;1;Opera wrocławska;;;
5584;1;Seks;;;
5604;1;Księgarnia;;;
5663;1;Presentació;;;
5688;1;religione;;;
5710;1;paesaggi;;;
5812;1;giocattolo;;;
5830;1;Antony;;;
5857;1;carrello;;;
5928;1;cautelat;;;
6001;1;angolo con gatti e natura;;;
6021;1;Parapetto;;;
6089;1;lampioni;;;
6108;1;Multi direzionali;;;
6129;1;Storie;;;
6178;1;university;;;
6225;1;tavoli esterni;;;
6273;1;sede di ca' foscari;;;
6297;1;take away;;;
6335;1;vita quotidiana;;;
6353;1;HR;;;
6385;1;Residenze;;;
6402;1;pontile;;;
6440;1;feast;;;
6479;1;attracco;;;
6497;1;tranquilla;;;
6516;1;prova2;;;
6548;1;percorsi podotattili;;;
6564;1;Death in Venice;;;
6580;1;Posacenere;;;
6598;1;gioia;;;
6614;1;Padiglionebelgio;;;
6630;1;Ristoro;;;
6646;1;obres;;;
6663;1;Fernsehen gucken;;;
6679;1;reverberación;;;
6696;1;路況;;;
6732;1;Minorías EC3;;;
6750;1;german;;;
6766;1;路况不好;;;
6801;1;Atardecer;;;
6818;1;Canal port;;;
6838;1;Agradable;;;
6856;1;Campo de fútbol;;;
6896;1;Museo Blasco Ibañez;;;
6972;1;pequeña;;;
6993;1;Historia y arquitecto de la estación del Norte de Valencia;;;
7010;1;tercera parte;;;
7029;1;tapeado;;;
7049;1;cúpula del museo;;;
7069;1;Graffitis;;;
7085;1;Botánico;;;
7101;1;Urbino;;;
7122;1;todo;;;
7142;1;complexo ferroviário;;;
7171;1;Diversão;;;
7190;1;escritório;;;
7226;1;Biblioteca Mario dd Andrade;;;
7277;1;Abuso;;;
7315;1;medida;;;
7336;1;Jh;;;
7371;1;guarda-chuva;;;
7387;1;Dançanapaulista;;;
7405;1;shopingCidadeSaoPaulo;;;
7421;1;mcdonalds;;;
7437;1;Elogios;;;
7461;1;frei caneca;;;
7478;1;linha azul;;;
7523;1;pessoas com deficiência visual;;;
7539;1;Brincadeira;;;
7556;1;São Gonçalo;;;
7572;1;Obstáculos aéreos;;;
7590;1;posto inss;;;
7606;1;numerología;;;
7624;1;linha vermelha metro;;;
7641;1;reforma a terminar;;;
7657;1;chame francês;;;
7673;1;santa Rosália;;;
7689;1;luceprima;;;
7706;1;Tag da Manuela igreja Eugenio  de Melo;;;
7722;1;Teco Barbero;;;
7738;1;histórias;;;
7771;1;aeroporto;;;
7787;1;nascente;;;
7821;1;Comida Árabe;;;
7837;1;Grátis;;;
7853;1;Natal;;;
7870;1;derechos;;;
7888;1;Mensaje Prats de Lluçanès;;;
7906;1;Parque de la citadella;;;
7924;1;Gchv;;;
7945;1;ruta;;;
7977;1;Soroll d’aigua;;;
8009;1;torres de la caixa;;;
1580;1;coco;Tag migrated from saopaulo;;
4701;1;liceo;;;
4726;1;naviga;;;
4835;1;Indian Pakistani restaurant;;;
4960;1;pan de leña;;;
4986;1;Terra;;;
5063;1;Raum Raum Raum Eier hat sich zwar zeitverzögert oh nein;;;
5129;1;pedestrian crossings;;;
5151;1;Reichstag;;;
5172;1;nervig;;;
5191;1;Einkaufen in Berlin;;;
5209;1;Hohenschönhausen;;;
5228;1;parking;;;
5248;1;Oficina tráfico;;;
5274;1;rampa con peligro;;;
5300;1;Semaforo sonoro;;;
5317;1;chan;;;
5362;1;Plazos discapacitados;;;
5401;1;pallone aerostatico;;;
5440;1;stadion;;;
5463;1;Plac strzelecki;;;
5484;1;zwiędłe kwiaty;;;
5500;1;Stachu kontener dom;;;
5520;1;Przychodnia na Pabianickiej;;;
5547;1;gołębie;;;
5569;1;Promenada Staromiejska;;;
5585;1;rozrywka;;;
5606;1;Przystań;;;
5624;1;kamien;;;
5641;1;Konferencja;;;
5664;1;quickoff;;;
5691;1;seconda guerra mondiale;;;
5711;1;orizzonti;;;
5765;1;puzza;;;
5790;1;organo;;;
5832;1;Leggenda;;;
5858;1;conad;;;
5952;1;Progetto blind.wiki;;;
5976;1;colombi;;;
6002;1;scultura tattile;;;
6022;1;Fiori;;;
6070;1;ferro;;;
6091;1;oggetti;;;
6110;1;san agostin;;;
6181;1;song;;;
6227;1;serre;;;
6274;1;liceo classico;;;
6298;1;giocare;;;
6318;1;conservatorio;;;
6336;1;Forni;;;
6370;1;hangdrum;;;
6386;1;camini;;;
6422;1;painting;;;
6441;1;plague;;;
6460;1;campo da basket;;;
6480;1;first aid;;;
6500;1;Ilton;;;
6517;1;disaster2;;;
6549;1;passaggio pedonale;;;
6565;1;Fermate autobus;;;
6581;1;sigaretta;;;
6599;1;doposcuola;;;
6615;1;pavellon;;;
6647;1;edificio historico;;;
6664;1;Prueba 1;;;
6680;1;Secador de pelo;;;
6697;1;停車場，出入口;;;
6715;1;natural.;;;
6733;1;Tower Gateway DLR Station;;;
6751;1;Bahnhof;;;
6767;1;路况好转;;;
6783;1;fauna;;;
6819;1;condert;;;
6839;1;sensaciones;;;
6858;1;escucha;;;
6897;1;Casas del Cabanyal;;;
6930;1;tórtolas;;;
6973;1;reformas;;;
7012;1;golosinas;;;
7030;1;Agujero;;;
7051;1;cauce del río;;;
7070;1;Adolescentes;;;
7086;1;Jardín botánico tercera parte;;;
7102;1;25 novembre;;;
7123;1;tot bé?;;;
7191;1;HIV;;;
7228;1;Antigo Mappin;;;
7245;1;obra acessível;;;
7295;1;voluntario;;;
7317;1;Carlos # concentração;;;
7337;1;Exposição!;;;
7356;1;Casarão casa das rosas;;;
7372;1;hostipal Santa Catarina;;;
7388;1;Black Music;;;
7406;1;Senaipaulista;;;
7422;1;Rua livre;;;
7438;1;Instagram @blindwikibr;;;
7462;1;DJ na Paulista;;;
7540;1;Interação;;;
7557;1;Educação Física;;;
7573;1;Alta velocidade;;;
7591;1;Casa até laramara;;;
7607;1;Memoerial  5;;;
7625;1;linhas ferrias;;;
7642;1;falta pouco!!!;;;
7658;1;piso tatil não tem;;;
7674;1;Sesc e Sorocaba;;;
7691;1;Hebraica;;;
7707;1;Casa  de cultura Rancho do Tropeiro Ernesto Vilela;;;
7723;1;Fotógrafo;;;
7739;1;Dublagem presencial;;;
7756;1;Ecologica;;;
7772;1;Buraco;;;
7788;1;literatura;;;
7822;1;Esfirras;;;
7854;1;vinhos;;;
7871;1;sin miedo;;;
7890;1;idílico;;;
7907;1;Mamut ciutadella;;;
7925;1;uvhv;;;
7962;1;bonito;;;
4656;1;auricolare;;;
4727;1;belvedere;;;
4813;1;Garden pub;;;
4868;1;antest;;;
4961;1;bollería;;;
5017;1;Cañón;;;
5044;1;friendly staff;;;
5065;1;Gurke;;;
5084;1;Tacheles;;;
5130;1;university campus;;;
5192;1;backyard;;;
5210;1;Jail;;;
5251;1;Fochanca;;;
5276;1;CACTUS;;;
5302;1;Cerveceria;;;
5318;1;esvarar;;;
5364;1;Aldeas;;;
5423;1;Witam Tadeusz;;;
5443;1;hałas;;;
5464;1;Spacer;;;
5485;1;piękna zieleń;;;
5521;1;Poczta na rynku;;;
5570;1;Narodowe Forum Muzyki;;;
5586;1;Punkt spotkania;;;
5607;1;Most zakochanych;;;
5625;1;cumowanie;;;
5642;1;plac Dominikański;;;
5666;1;capolinea 2;;;
5693;1;Sfollati di Pola;;;
5712;1;Misericordia;;;
5814;1;Casa Amadi;;;
5833;1;leggenda veneziana;;;
5931;1;trolley;;;
5953;1;Laguna sud;;;
6003;1;odore di fritto;;;
6023;1;fiorai;;;
6071;1;scalino;;;
6092;1;abbandonati;;;
6112;1;ristorante due colonne;;;
6132;1;multidirezionalità;;;
6156;1;lamenti;;;
6182;1;nothing special;;;
6200;1;spazi verdi;;;
6275;1;Ca' rezzonico;;;
6319;1;Rio terà;;;
6355;1;veneziani;;;
6371;1;musicisti;;;
6387;1;copisteria;;;
6404;1;Mestre;;;
6423;1;Paintings;;;
6442;1;Palladio;;;
6461;1;scivolo;;;
6481;1;Kit pronto soccorso;;;
6501;1;mulino Stucchi;;;
6518;1;testeig;;;
6534;1;Barbiere;;;
6550;1;siepi;;;
6566;1;Paesaggio;;;
6582;1;cura;;;
6600;1;"Piove 
Pluja 
Humitat";;;
6616;1;eeuu;;;
6648;1;"Tempesta;pati interior";;;
6665;1;taller con antoni abad;;;
6681;1;Paso de cebra;;;
6698;1;Chicos conversando;;;
6716;1;peluquerías;;;
6734;1;Tower Gateway underground;;;
6752;1;Zug;;;
6768;1;嗯这有一个自行车;;;
6803;1;patinaje;;;
6840;1;Salazones;;;
6859;1;Furgoneta;;;
6877;1;obrador;;;
6898;1;trencadís;;;
6975;1;Casa verde;;;
6995;1;pistas deportivas;;;
7013;1;compras;;;
7031;1;impedimento;;;
7054;1;Parque central;;;
7071;1;Árbol;;;
7087;1;Centro comercial;;;
7103;1;giornata internazionale contro la violenza sulle donne;;;
7124;1;mes;;;
7144;1;Trabalho;;;
7174;1;reabilitação;;;
7192;1;prevenção;;;
7211;1;Arte Concierge;;;
7230;1;Praça das Artes;;;
7246;1;Tesy;;;
7262;1;caminho;;;
7279;1;Escada em espiral;;;
7296;1;adeveb;;;
7318;1;pintura contemporanea;;;
7338;1;maquete;;;
7357;1;Paulista música cultura;;;
7373;1;Ragazzo cheiro coxinha avpaulista;;;
7389;1;Loucura;;;
7407;1;Rock in roll;;;
7423;1;ocupação urbana;;;
7439;1;Ims;;;
7463;1;igreja São Luiz Gonzaga;;;
7509;1;Pandemia;;;
7525;1;Oque postar;;;
7541;1;salve;;;
7558;1;farol sonoro;;;
7574;1;Planeta;;;
7592;1;Casas antigas;;;
7608;1;Falta de rampa para pessoa com cadeira de rodas;;;
7627;1;Galetia 2001;;;
7643;1;Apoio local;;;
7659;1;Marie Curie;;;
7675;1;Beleza;;;
7692;1;Salão de Arte;;;
7708;1;Parque da Cidade;;;
7740;1;Samba de roda;;;
7757;1;Araraquara/SP;;;
7773;1;Praça  da Sé;;;
7789;1;#Feiradeacessibilidade;;;
7823;1;Rhizomatiks;;;
7855;1;queijos;;;
7892;1;De bon matí;;;
7908;1;francesc candi;;;
7926;1;Hbhb;;;
7947;1;perill amb les punxes;;;
7963;1;feo;;;
7979;1;carretera hospital transfronterer;;;
8011;1;racó dels ocells;;;
4814;1;outdoors;;;
4837;1;very manly;;;
4991;1;Relax sin coffee;;;
5018;1;rubia;;;
5045;1;elevator;;;
5131;1;audio guides;;;
5154;1;Spree;;;
5211;1;blind guided tour;;;
5254;1;Paso de peatones no indicado;;;
5277;1;TYC;;;
5381;1;Sightseeing;;;
5424;1;Tomek;;;
5444;1;duży ruch;;;
5465;1;Feniks;;;
5486;1;Łucznicy;;;
5524;1;Przychodnia PCZ Sienkiewicza58;;;
5550;1;galeria domikanska;;;
5571;1;Muzeun;;;
5608;1;Centrum wolontariatu;;;
5626;1;Xawery Dunikowski;;;
5643;1;kościół św. Wojciecha;;;
5694;1;caserma;;;
5715;1;Wykop;;;
5794;1;corde;;;
5815;1;vetrina;;;
5834;1;venezia oscura;;;
5860;1;Posizione;;;
5955;1;Cantiere;;;
5979;1;bucato;;;
6004;1;bambino urlante;;;
6024;1;fonrana;;;
6072;1;silenzi;;;
6094;1;ombra;;;
6183;1;but good;;;
6202;1;barriera;;;
6229;1;balaustra;;;
6251;1;istituti;;;
6300;1;rio nuovo;;;
6320;1;ramo;;;
6338;1;info;;;
6356;1;Garibaldi;;;
6388;1;aule;;;
6405;1;Arpa;;;
6443;1;Labirinto;;;
6462;1;altalena;;;
6482;1;Navi da crociera;;;
6502;1;Distributore;;;
6519;1;tag2;;;
6535;1;fast food;;;
6567;1;rumore;;;
6583;1;Punta della Dogana;;;
6601;1;Espositori mobili;;;
6617;1;Padiglionecentrale;;;
6633;1;comunicato stampa;;;
6649;1;"Pluja;tempesta;pati interior;";;;
6682;1;barandillas;;;
6699;1;Sonoro albañiles demoliendo;;;
6718;1;niñxs;;;
6735;1;Great Tower Street;;;
6753;1;Deutsch;;;
6786;1;silbido;;;
6805;1;banda;;;
6841;1;amplitud;;;
6860;1;rueda;;;
6878;1;coca de llanda;;;
6976;1;Museo Muving;;;
6996;1;cruce con carril bicis;;;
7015;1;Lonja;;;
7032;1;urbanismo;;;
7055;1;aspecto general;;;
7072;1;paraíso;;;
7088;1;compras navideñas;;;
7104;1;concerto delle scuole medie di Urbino;;;
7125;1;Sobieszewo;;;
7146;1;Centro Universitário Facens;;;
7193;1;auto teste;;;
7212;1;Regina Silveira;;;
7231;1;Fachada tátil;;;
7263;1;dificuldade;;;
7280;1;acesso ao piso superior;;;
7297;1;além do limite;;;
7319;1;série alturas;;;
7340;1;Casa das rosas;;;
7358;1;sescpaulista;;;
7374;1;Moradores de rua;;;
7391;1;dançar;;;
7408;1;Edifício gazeta;;;
7424;1;humanos;;;
7440;1;Antonio Machado;;;
7482;1;galera;;;
7510;1;aula online;;;
7526;1;talentos artísticos;;;
7543;1;#praça Benedito Calixto;;;
7559;1;Pisotático;;;
7576;1;audiodescrição;;;
7593;1;região da Barra funda;;;
7628;1;presente de Deus Casa de Repouso nosso lar;;;
7644;1;São Jorge;;;
7660;1;difícil acessibilidade;;;
7676;1;Senhor do Bonfim;;;
7693;1;Museu de Arte Sacra;;;
7709;1;Banhado de SJCampos;;;
7725;1;Vicentinaaranha;;;
7741;1;Santo Amaro;;;
7774;1;Faculdade de comunicação;;;
7790;1;Banco do Brasil;;;
7807;1;ongtemsentimento;;;
7824;1;Gaita;;;
7840;1;Sebastião Salgado @;;;
7856;1;mariafumaca;;;
7909;1;historiador;;;
7927;1;hhbb;;;
7948;1;Dispensador de bosses per caques de gossos;;;
7964;1;rural;;;
7980;1;hospital transfronterer;;;
8012;1;passeig;;;
4730;1;nuovo;;;
4839;1;ferwharf;;;
4870;1;me non sa;;;
4992;1;chica grey;;;
5047;1;relaxing atmosphere;;;
5086;1;squat;;;
5108;1;campus;;;
5132;1;Seitenstraße;;;
5194;1;no drinking water;;;
5212;1;Hallo hier ist Helmut. Ich mache meinen ersten Test;;;
5255;1;Fotocopias;;;
5278;1;Imprenta;;;
5366;1;dies ist ein Test Günny du befindest dich bei uns;;;
5382;1;Info generali;;;
5404;1;Halo;;;
5445;1;skrzyżowanie;;;
5467;1;Zus;;;
5487;1;ukryte schody;;;
5525;1;Taxi;;;
5552;1;Brama Oławska;;;
5572;1;Restauracja jedzenie;;;
5588;1;Pieśniarze;;;
5628;1;Wzgorze polski;;;
5716;1;Mori;;;
5796;1;bagni publici;;;
5816;1;Gondolieri;;;
5835;1;Serenissima;;;
5935;1;materiale;;;
5982;1;ponti multidirezionali;;;
6005;1;prima mappatura campo santa margherita;;;
6053;1;curve;;;
6073;1;calli vuote;;;
6115;1;Vintage shop;;;
6134;1;barriere;;;
6161;1;muretto in pietra d'istria;;;
6184;1;car;;;
6203;1;Spiazzo verde;;;
6230;1;Farmacie;;;
6254;1;CaFoscari;;;
6279;1;Cicchetti;;;
6301;1;dorsoduro;;;
6321;1;Periferia;;;
6357;1;tartarughe;;;
6389;1;Carceri;;;
6407;1;Feltrinelli;;;
6426;1;terrace;;;
6444;1;perdersi;;;
6463;1;panchina;;;
6503;1;nave da crociera;;;
6520;1;Prova abdroid;;;
6536;1;affollato;;;
6568;1;onde;;;
6584;1;Gioco;;;
6602;1;jw.org;;;
6634;1;juan calzadilla;;;
6650;1;table;;;
6683;1;Turbos metal;;;
6700;1;Casa azul;;;
6719;1;Contenedores;;;
6736;1;Monument underground station;;;
6754;1;Bühlstr & Humboldtallee traffic lights crossing Ampel Autos Fahrräder;;;
6770;1;Test01;;;
6787;1;Beresti romania;;;
6806;1;Cante;;;
6842;1;Chistes;;;
6861;1;reparación;;;
6880;1;Teatre el Musical;;;
6933;1;músicos;;;
6951;1;mercat central;;;
6977;1;historia del barrio Velluter;;;
6997;1;carriles de coches;;;
7016;1;Cauce del río viejo puente de Viveros;;;
7033;1;maraña;;;
7057;1;falso peatonal;;;
7089;1;Cruzar;;;
7105;1;TalkBack;;;
7126;1;Sobieszewo - dzień 2;;;
7176;1;Coco natural;;;
7196;1;hashtag São Paulo;;;
7213;1;Art Concierge;;;
7232;1;O crime da mala;;;
7248;1;família socializadora;;;
7264;1;4 patas pelo mundo;;;
7282;1;biblioteca braille;;;
7298;1;um outro olhar;;;
7341;1;Janela de vidro;;;
7359;1;Hospitalsanata Catarina avpaulista;;;
7375;1;Bordados;;;
7392;1;dancaderuapaulista;;;
7425;1;Artista;;;
7441;1;Amigos pra valer;;;
7483;1;fala povo;;;
7511;1;pedagogia;;;
7527;1;piadas;;;
7544;1;Aprendizado diversão;;;
7560;1;Área comercial;;;
7577;1;calçadas;;;
7594;1;Informações sobre o piso tatil para os leigos;;;
7629;1;Nossa querida mãe;;;
7645;1;blindwiky;;;
7661;1;Rebeka Lima;;;
7694;1;Exposição Itinerante;;;
7710;1;Canal motoboy;;;
7726;1;Ibirapuera;;;
7759;1;Corrego da Caixa dAgua parque natural municipal basalto;;;
7775;1;Universidade Federal da Bahia;;;
7791;1;utopias disto pias;;;
7808;1;trans;;;
7825;1;mato;;;
7841;1;Amazonia;;;
7857;1;tremavapor;;;
7874;1;Akimatsuri;;;
7894;1;campana;;;
7910;1;ciutadella;;;
7928;1;hhbbhnn;;;
7981;1;cavalls;;;
8013;1;estació del tren;;;
4670;1;Natale;;;
4706;1;la Sapienza;;;
4840;1;helpful staff;;;
4965;1;recinto de ferias;;;
5048;1;BB;;;
5069;1;Wurm;;;
5157;1;Seife;;;
5176;1;Raben;;;
5195;1;Öffentlicher Raum;;;
5213;1;"da ich mit dieser App nicht viel anfangen kann probiere ich es einfach aus. Hier mein Test.
Helmut";;;
5232;1;Gaiteiro;;;
5280;1;OPUS;;;
5305;1;línea 5;;;
5322;1;Xamon;;;
5367;1;Langer;;;
5427;1;Zamieszkuje Iza Dawidowicz;;;
5446;1;Granie na trawie;;;
5468;1;Urząd miasta Wrocław;;;
5488;1;Turystyka;;;
5504;1;ryby;;;
5553;1;miniatury;;;
5573;1;Dworzec Główny PKP;;;
5589;1;piosenka autorska;;;
5611;1;Kantor;;;
5629;1;Rzezby ptaki;;;
5645;1;Tag inicial;;;
5669;1;Mappatura;;;
5717;1;rioba;;;
5797;1;follia;;;
5817;1;Chiesa dei miracoli;;;
5837;1;conzafelsi;;;
5910;1;Antiquariato;;;
5957;1;Cantieri;;;
5983;1;Museo della music;;;
6006;1;Campanella;;;
6054;1;Trave sollevata;;;
6074;1;parallele;;;
6096;1;Cestino;;;
6135;1;Banche;;;
6162;1;carrers per tothom;;;
6185;1;radio;;;
6204;1;cestini;;;
6232;1;pericolo altezza;;;
6255;1;Barche acqua rumori forti;;;
6302;1;san barnaba;;;
6358;1;Erba fresca;;;
6374;1;Illustrations;;;
6408;1;dischi;;;
6427;1;leone;;;
6445;1;fritto;;;
6484;1;Porti;;;
6537;1;Svincolo;;;
6553;1;ombrelloni;;;
6569;1;Acquazzone;;;
6585;1;serrature;;;
6635;1;disegni;;;
6668;1;Sonidos ambiente;;;
6684;1;Muros;;;
6701;1;paredes;;;
6720;1;Tecturas;;;
6737;1;Frenchurch street;;;
6755;1;Crossing cars bikes pedestrians traffic lights;;;
6788;1;Inici;;;
6807;1;flamenco;;;
6823;1;Les arenas;;;
6843;1;Carnicería;;;
6904;1;inicio de ruta;;;
6934;1;árboles monumentales;;;
6978;1;Recuerdos;;;
6998;1;cruce con carril bici;;;
7017;1;Primer hospital;;;
7034;1;territorio abandonado;;;
7074;1;La muralla árabe;;;
7127;1;A veure;;;
7150;1;não tem;;;
7233;1;PASSEIO NO CENTRO;;;
7265;1;blog;;;
7283;1;Dificuldades;;;
7299;1;Mata atlântica;;;
7360;1;Painel hospitalsantacatarina avpaulista;;;
7376;1;vozes;;;
7393;1;Brechobocapreta @bocapreta_;;;
7410;1;Pisotatilruim acessibilidade alerta;;;
7426;1;a Paulista é nossa;;;
7442;1;Deficientes visuais;;;
7467;1;cozinheira;;;
7484;1;reciclagem;;;
7512;1;vacinação;;;
7528;1;Marchinha da acessibilidade;;;
7545;1;Acesso;;;
7578;1;Shows;;;
7595;1;ambulantes sobre o piso tatil;;;
7611;1;baixa visão;;;
7646;1;Portao de Ferro;;;
7662;1;Cantora;;;
7678;1;Brasil restaurante;;;
7695;1;Kiosk Kioto;;;
7711;1;neka;;;
7727;1;Olhe;;;
7743;1;sorocabablindwiki;;;
7760;1;Cachoeira do Corrdgo da Caixa dAgua Trilha Ecologica Parque Natural Municipal Basalto;;;
7776;1;jornalismo;;;
7792;1;ache contemporânea;;;
7809;1;temsentimento;;;
7826;1;Rua F;;;
7842;1;Tartarugas Marinhas;;;
7858;1;mundogelado;;;
7875;1;Festival de Outono;;;
7895;1;altavoces;;;
7911;1;bcn;;;
7929;1;hhhv;;;
7966;1;tram tranquil;;;
7982;1;hospital transfronterer de la Cerdanya;;;
8014;1;infants;;;
4841;1;walking exercise;;;
4994;1;Armarios;;;
5024;1;mucho frío;;;
5089;1;best;;;
5134;1;akustisches Signal;;;
5177;1;Kastanienallee;;;
5197;1;Anezettelt;;;
5214;1;Moin ich bin neu hier;;;
5257;1;servicios alumnado;;;
5306;1;Igrexas;;;
5323;1;buenjamon;;;
5368;1;weg;;;
5384;1;Fitness;;;
5409;1;Ogromny kot;;;
5447;1;Przychodnia Pulsantis;;;
5469;1;Read them into croissant no shit I can hours if you;;;
5489;1;"Wyjście
do";;;
5505;1;Błoto;;;
5528;1;kolejka;;;
5555;1;Szum;;;
5574;1;Dworzec PKS tymczasowy;;;
5591;1;Meksyk;;;
5612;1;tanio;;;
5630;1;Muzeum;;;
5674;1;mapatactil;;;
5719;1;Dromedario;;;
5746;1;Cassette postali;;;
5773;1;Piazza san marco;;;
5818;1;Borse;;;
5838;1;scuola di San Marco;;;
5865;1;dialetto;;;
5911;1;terrazze;;;
5939;1;strada nuova;;;
5958;1;Varo;;;
6007;1;duomo;;;
6056;1;Bracarizi;;;
6075;1;pipì;;;
6097;1;lampione;;;
6117;1;Architetture;;;
6136;1;Moli;;;
6165;1;basilica frari;;;
6186;1;yaas;;;
6205;1;Cane;;;
6233;1;pericolo acqua 10 metri;;;
6257;1;pozzo al centro;;;
6304;1;verde;;;
6323;1;pisani;;;
6359;1;erba tagliata;;;
6375;1;esposizioni;;;
6391;1;vertigini;;;
6430;1;Boat;;;
6446;1;pollini;;;
6467;1;militari;;;
6485;1;Crociera;;;
6522;1;WAV;;;
6538;1;stucchi;;;
6554;1;Money;;;
6570;1;temporale estivo;;;
6587;1;bicchieri;;;
6604;1;Erfurt;;;
6620;1;pedres;;;
6652;1;Ambientr sonoro;;;
6669;1;sonoro río;;;
6702;1;Motos subiendo cuesta;;;
6738;1;Leadenhall market;;;
6756;1;Rumor;;;
6772;1;Panarra;;;
6790;1;las naves;;;
6808;1;bulerías;;;
6824;1;Cuba;;;
6844;1;despiece;;;
6906;1;edificios;;;
6935;1;croquetas;;;
6980;1;juego;;;
6999;1;y carriles de coches;;;
7018;1;fundado por el padre jofre;;;
7035;1;Murales;;;
7059;1;rius;;;
7075;1;la muralla cristiana;;;
7091;1;Republicans;;;
7111;1;Afragola;;;
7128;1;funciona;;;
7153;1;ajudantes;;;
7178;1;banana;;;
7215;1;Encontro;;;
7234;1;SEsc 24;;;
7250;1;Acesso centro cultural metrô;;;
7266;1;viagens;;;
7284;1;tenente Nascimento;;;
7301;1;Centro Cultural Vergueiro;;;
7361;1;Escolarodriguesalves arquitetura;;;
7377;1;manicômio;;;
7394;1;Curta a paulista;;;
7411;1;pisotateodefeituoso;;;
7427;1;Lanchonete;;;
7444;1;Qrcode;;;
7468;1;incrível;;;
7513;1;prefeito;;;
7546;1;Entrada laramara;;;
7562;1;Deslocamento;;;
7579;1;apresentações;;;
7596;1;cocô no piso tatil;;;
7647;1;Sorocabana;;;
7679;1;casa rosada;;;
7696;1;garapa e lanches;;;
7728;1;imagine!;;;
7744;1;artecontemporanea;;;
7761;1;Nascente do Corrego dos Martins APP Trilha Araraqura/SP;;;
7777;1;produção cultural;;;
7793;1;Museu de Arte Moderna da Bahia;;;
7810;1;santacecilia;;;
7827;1;Manoel Antonio Puig;;;
7859;1;emocao;;;
7876;1;Mogi das cruzes;;;
7896;1;Altavoz;;;
7912;1;Fira;;;
7930;1;Ubb;;;
7951;1;vehicles;;;
7983;1;sons llunyans de cavalls;;;
8015;1;lleure;;;
4842;1;fantastic pub food;;;
5071;1;geheim;;;
5135;1;Hähnchen;;;
5160;1;ruhig;;;
5198;1;Strandbad Mitte;;;
5215;1;BSBH;;;
5258;1;Obras;;;
5282;1;Pistas atletismo;;;
5307;1;Precaución porque te puedes pegar un castañazo;;;
5324;1;merenda;;;
5344;1;Claustro;;;
5369;1;kurve;;;
5385;1;Recomendado para visitar;;;
5411;1;podwórko;;;
5429;1;Gródek;;;
5448;1;Hala Targowa;;;
5472;1;Wodka;;;
5490;1;brak przejscia;;;
5506;1;Antoni;;;
5529;1;zagadka;;;
5557;1;Pakunek;;;
5575;1;Zakład Wodociągów Nowa-Ruda;;;
5613;1;restauracja;;;
5631;1;bluszcz;;;
5647;1;nuvol;;;
5675;1;wayfindin;;;
5721;1;Casa del Tintoretto;;;
5749;1;querini stampalia;;;
5774;1;tristezza;;;
5819;1;cuoio;;;
5889;1;glicine;;;
5986;1;benvenuti;;;
6008;1;murano;;;
6031;1;iscrizione;;;
6078;1;sedie;;;
6098;1;Percorsi;;;
6118;1;Locanda Fiore;;;
6166;1;campiello san Rocco pozzo fontana;;;
6187;1;riva degli schiavoni;;;
6234;1;Assesorato alle politiche sociali;;;
6282;1;museo ca' rezzonico;;;
6305;1;foglie;;;
6325;1;Tags;;;
6360;1;panni stesi;;;
6392;1;Bimari;;;
6431;1;sound;;;
6468;1;erba alta;;;
6486;1;Disturbo;;;
6506;1;Waterford Ireland River;;;
6523;1;EditarTags;;;
6539;1;affreschi;;;
6555;1;Sentiero;;;
6571;1;riparo;;;
6588;1;aperitivi;;;
6605;1;esplanada de gespa;;;
6621;1;eeuu>Israel;;;
6637;1;francia;;;
6686;1;Sonoro plantas;;;
6703;1;Constructores ayuntamiento;;;
6722;1;Farola;;;
6739;1;Liverpool Street Station;;;
6757;1;Мы находимся так было тоже самое набирай раз-два-три раз-два-три;;;
6773;1;Dinar;;;
6825;1;A la fresca;;;
6845;1;Tacto;;;
6864;1;Torrent;;;
6907;1;gentrificación;;;
6936;1;selva;;;
6957;1;Atarazanas;;;
6984;1;Ruina;;;
7000;1;semáforo mal ubicado;;;
7019;1;En Valencia;;;
7036;1;casas;;;
7060;1;monopatines;;;
7076;1;colegio escolapios;;;
7092;1;truth;;;
7112;1;Test nee version;;;
7129;1;que;;;
7154;1;cadeirantes;;;
7179;1;frutas;;;
7200;1;Oásis Urbano;;;
7235;1;SESC Bibliiteca;;;
7251;1;Sensaçoes;;;
7267;1;dicas de pontos turísticos;;;
7285;1;Parte superior aberta;;;
7302;1;Ensaios;;;
7325;1;parede;;;
7344;1;Sesc paulista;;;
7362;1;Santa Catarina;;;
7378;1;navio;;;
7395;1;aos domingos;;;
7428;1;Banana split;;;
7469;1;caminhões;;;
7487;1;parquiño;;;
7530;1;Rota acessível;;;
7547;1;Semáforo;;;
7563;1;autonomia;;;
7580;1;Uni;;;
7597;1;Rua Brigadeiro Galvão;;;
7613;1;Pavilhão da Criatividade;;;
7648;1;italy;;;
7680;1;Igreja do Bonfim;;;
7697;1;Tenho interesse  em ser voluntária  no passeio no MAM;;;
7713;1;Rota cultural;;;
7729;1;Atualidade;;;
7778;1;oftalmologista;;;
7794;1;Cadevi;;;
7811;1;ong;;;
7828;1;eleições;;;
7844;1;São Sebastião;;;
7860;1;amizadeantigas;;;
7877;1;museu da imigração;;;
7897;1;autobuses;;;
7913;1;Reina;;;
7931;1;hb;;;
7952;1;possible perill;;;
7968;1;codi QR;;;
7984;1;neu verge;;;
8000;1;Catalunya;;;
8016;1;Tàrrega;;;
